split,step,loss,ppl
train,1,6.566671371459961,710.999267578125
train,2,6.501434803009033,666.0966796875
train,3,6.4141693115234375,610.4334716796875
train,4,6.376807689666748,588.0474853515625
train,5,6.424368858337402,616.6914672851562
train,6,6.299479007720947,544.2882690429688
train,7,6.300537586212158,544.86474609375
train,8,6.183517932891846,484.694091796875
train,9,6.251581192016602,518.83251953125
train,10,6.170777320861816,478.5579528808594
train,11,6.123538970947266,456.477294921875
train,12,6.169508457183838,477.95111083984375
train,13,6.1136555671691895,451.98797607421875
train,14,5.947932720184326,382.9608459472656
train,15,6.046082496643066,422.4548034667969
train,16,5.989743232727051,399.31207275390625
train,17,5.765140056610107,318.98370361328125
train,18,5.75273323059082,315.05059814453125
train,19,5.907918930053711,367.93963623046875
train,20,5.675271034240723,291.5673522949219
train,21,5.722794055938721,305.7580261230469
train,22,5.63238000869751,279.3261413574219
train,23,5.699829578399658,298.81646728515625
train,24,5.546728134155273,256.39727783203125
train,25,5.682615280151367,293.7165832519531
train,26,5.623023509979248,276.72479248046875
train,27,5.481472492218018,240.20013427734375
train,28,5.4639081954956055,236.01803588867188
train,29,5.634429454803467,279.899169921875
train,30,5.668520450592041,289.6057434082031
train,31,5.690433502197266,296.02191162109375
train,32,5.639617919921875,281.3551940917969
train,33,5.400480270385742,221.5127716064453
train,34,5.363220691680908,213.4111785888672
train,35,5.294495582580566,199.2371063232422
train,36,5.371641159057617,215.2157745361328
train,37,5.318477630615234,204.07296752929688
train,38,5.421497344970703,226.21759033203125
train,39,5.442389488220215,230.9934844970703
train,40,5.333258152008057,207.11167907714844
train,41,5.2033538818359375,181.8812255859375
train,42,5.247835159301758,190.1541748046875
train,43,5.360827922821045,212.90113830566406
train,44,5.135336875915527,169.9215545654297
train,45,5.056634426116943,157.06101989746094
train,46,5.2134013175964355,183.71788024902344
train,47,5.083487033843994,161.33566284179688
train,48,4.942942142486572,140.1820831298828
train,49,5.281017303466797,196.5697479248047
train,50,5.048514366149902,155.7908477783203
train,51,5.133395195007324,169.59193420410156
train,52,4.784519195556641,119.6438217163086
train,53,5.01523494720459,150.69154357910156
train,54,4.904520034790039,134.8981475830078
train,55,4.965790271759033,143.42184448242188
train,56,5.052056312561035,156.3436279296875
train,57,4.828845024108887,125.0664291381836
train,58,5.041717052459717,154.7354736328125
train,59,4.8602190017700195,129.05245971679688
train,60,4.970968246459961,144.16641235351562
train,61,4.720192909240723,112.18989562988281
train,62,4.815713405609131,123.4348373413086
train,63,4.691554069519043,109.02247619628906
train,64,4.701402187347412,110.10144805908203
train,65,4.627934455871582,102.30253601074219
train,66,4.374799728393555,79.42393493652344
train,67,4.7060546875,110.6148910522461
train,68,4.794376850128174,120.82906341552734
train,69,4.656705379486084,105.28862762451172
train,70,4.401706218719482,81.58995819091797
train,71,4.680419921875,107.81533813476562
train,72,4.896271228790283,133.78997802734375
train,73,4.550110816955566,94.64289855957031
train,74,4.406215190887451,81.95867919921875
train,75,4.439796447753906,84.7576904296875
train,76,4.6754584312438965,107.28173828125
train,77,4.435194492340088,84.3685302734375
train,78,4.74946403503418,115.52235412597656
train,79,4.233456134796143,68.95513916015625
train,80,4.729764938354492,113.26893615722656
train,81,4.589963912963867,98.49087524414062
train,82,4.557118892669678,95.30848693847656
train,83,4.044435501098633,57.078956604003906
train,84,3.8865370750427246,48.74180603027344
train,85,3.9890544414520264,54.00380325317383
train,86,4.446406364440918,85.31978607177734
train,87,4.360598087310791,78.303955078125
train,88,4.529297828674316,92.69345092773438
train,89,4.021847248077393,55.80409622192383
train,90,3.9782423973083496,53.42305374145508
train,91,4.0677361488342285,58.4245491027832
train,92,4.453639984130859,85.93919372558594
train,93,4.227945327758789,68.57618713378906
train,94,4.525155067443848,92.31024169921875
train,95,4.004695892333984,54.855140686035156
train,96,4.360593318939209,78.30358123779297
train,97,3.963353395462036,52.63352966308594
train,98,3.7805891036987305,43.841861724853516
train,99,4.2046637535095215,66.9980697631836
train,100,4.079063892364502,59.09012985229492
train,101,3.929445743560791,50.87876892089844
train,102,3.563561201095581,35.28864288330078
train,103,3.745540142059326,42.33186721801758
train,104,3.7450311183929443,42.31032180786133
train,105,3.595658779144287,36.439697265625
train,106,3.7964816093444824,44.544185638427734
train,107,3.800715446472168,44.733177185058594
train,108,3.8882384300231934,48.82480239868164
train,109,4.04448127746582,57.08156967163086
train,110,3.8391106128692627,46.48411560058594
train,111,3.9126522541046143,50.031471252441406
train,112,3.7643043994903564,43.133689880371094
train,113,3.771864414215088,43.46101760864258
train,114,3.769639492034912,43.36442947387695
train,115,3.8636393547058105,47.63840866088867
train,116,3.780822992324829,43.852115631103516
train,117,3.631495475769043,37.769256591796875
train,118,3.782799243927002,43.938865661621094
train,119,3.940338373184204,51.43600082397461
train,120,3.6262354850769043,37.57111358642578
train,121,3.6591551303863525,38.82852554321289
train,122,3.5958902835845947,36.44813537597656
train,123,3.0873920917510986,21.919837951660156
train,124,3.639019250869751,38.05449676513672
train,125,3.425658702850342,30.742889404296875
train,126,3.1418991088867188,23.147785186767578
train,127,3.6295018196105957,37.694034576416016
train,128,3.4556057453155518,31.677471160888672
train,129,3.840432643890381,46.54560852050781
train,130,3.483264684677124,32.56586456298828
train,131,3.340921401977539,28.245140075683594
train,132,3.1342880725860596,22.972274780273438
train,133,3.3867034912109375,29.56831932067871
train,134,3.4483697414398193,31.449079513549805
train,135,3.7225229740142822,41.36863327026367
train,136,3.4116575717926025,30.315452575683594
train,137,3.377654552459717,29.301963806152344
train,138,3.6159138679504395,37.1853141784668
train,139,3.4967269897460938,33.007240295410156
train,140,3.5267629623413086,34.01368713378906
train,141,3.390526294708252,29.681568145751953
train,142,3.3417651653289795,28.26898193359375
train,143,3.521677255630493,33.84114074707031
train,144,3.145594835281372,23.233491897583008
train,145,3.655846357345581,38.700260162353516
train,146,3.3030333518981934,27.195005416870117
train,147,3.262220621109009,26.107446670532227
train,148,3.3763206005096436,29.262903213500977
train,149,3.0911107063293457,22.001501083374023
train,150,3.402453660964966,30.03771209716797
train,151,3.339400291442871,28.20220947265625
train,152,3.156266212463379,23.482751846313477
train,153,3.238927125930786,25.5063419342041
train,154,3.218104124069214,24.980714797973633
train,155,3.105093002319336,22.311294555664062
train,156,3.576683282852173,35.754756927490234
train,157,2.897693634033203,18.13227653503418
train,158,3.1354012489318848,22.997861862182617
train,159,3.3690426349639893,29.050701141357422
train,160,3.359579563140869,28.777090072631836
train,161,2.8822553157806396,17.854496002197266
train,162,3.0854876041412354,21.878131866455078
train,163,3.2512753009796143,25.823251724243164
train,164,3.2892637252807617,26.82310676574707
train,165,3.478637218475342,32.4155158996582
train,166,3.101567268371582,22.232769012451172
train,167,3.322827100753784,27.73866081237793
train,168,2.868320941925049,17.60742950439453
train,169,2.9896316528320312,19.878358840942383
train,170,3.210876941680908,24.800825119018555
train,171,3.1358370780944824,23.00788688659668
train,172,3.126807928085327,22.80108070373535
train,173,3.026217222213745,20.61908721923828
train,174,3.3784096240997314,29.324098587036133
train,175,2.9210500717163086,18.560768127441406
train,176,2.8726046085357666,17.683015823364258
train,177,2.9576244354248047,19.252182006835938
train,178,3.070661783218384,21.556163787841797
train,179,3.0794973373413086,21.747467041015625
train,180,2.8879554271698,17.956558227539062
train,181,2.7519195079803467,15.672686576843262
train,182,2.6097540855407715,13.595706939697266
train,183,2.8512892723083496,17.31008529663086
train,184,2.4320192337036133,11.381841659545898
train,185,2.8980278968811035,18.13833999633789
train,186,2.8471643924713135,17.23883056640625
train,187,2.767075300216675,15.912028312683105
train,188,3.2253706455230713,25.162899017333984
train,189,2.4403319358825684,11.476849555969238
train,190,2.5189335346221924,12.415349006652832
train,191,2.640194892883301,14.015934944152832
train,192,2.826087236404419,16.879287719726562
train,193,2.568204641342163,13.042387962341309
train,194,2.3793599605560303,10.797989845275879
train,195,2.7980997562408447,16.413427352905273
train,196,2.9431090354919434,18.974748611450195
train,197,2.69655179977417,14.828512191772461
train,198,2.6564273834228516,14.245305061340332
train,199,2.7960736751556396,16.380207061767578
train,200,2.7138009071350098,15.086508750915527
train,201,2.666822910308838,14.3941650390625
train,202,2.516578435897827,12.386143684387207
train,203,2.6462690830230713,14.101329803466797
train,204,2.5535473823547363,12.852616310119629
train,205,2.537248134613037,12.64482593536377
train,206,2.4249610900878906,11.301789283752441
train,207,2.6308789253234863,13.885969161987305
train,208,2.60618257522583,13.547236442565918
train,209,2.8455042839050293,17.210235595703125
train,210,2.3955180644989014,10.973881721496582
train,211,2.4095211029052734,11.128630638122559
train,212,2.7753331661224365,16.04397201538086
train,213,2.962785005569458,19.351791381835938
train,214,2.311497688293457,10.089524269104004
train,215,2.836653709411621,17.05858612060547
train,216,2.270287036895752,9.68217945098877
train,217,2.6084282398223877,13.577692985534668
train,218,2.7235453128814697,15.234236717224121
train,219,2.790153980255127,16.283527374267578
train,220,2.5288844108581543,12.539508819580078
train,221,2.1957178115844727,8.986449241638184
train,222,2.084813117980957,8.04308795928955
train,223,2.30492901802063,10.023467063903809
train,224,2.362943410873413,10.622170448303223
train,225,2.406499147415161,11.095050811767578
train,226,2.295201301574707,9.926434516906738
train,227,2.362523317337036,10.617709159851074
train,228,2.4641175270080566,11.753106117248535
train,229,2.267120599746704,9.651570320129395
train,230,2.0712223052978516,7.934515476226807
train,231,2.3492729663848877,10.477949142456055
train,232,2.4719128608703613,11.845083236694336
train,233,2.6511261463165283,14.169987678527832
train,234,2.558906316757202,12.921677589416504
train,235,2.3037502765655518,10.011658668518066
train,236,2.4801907539367676,11.94354248046875
train,237,2.5518698692321777,12.831073760986328
train,238,2.8965535163879395,18.111616134643555
train,239,2.754176139831543,15.708094596862793
train,240,2.5815117359161377,13.217103958129883
train,241,2.425644874572754,11.309520721435547
train,242,2.419677495956421,11.242233276367188
train,243,2.270833730697632,9.687474250793457
train,244,2.3041129112243652,10.015290260314941
train,245,2.18953013420105,8.931015968322754
train,246,2.09675669670105,8.139727592468262
train,247,2.2379512786865234,9.374106407165527
train,248,2.0346014499664307,7.649202823638916
train,249,2.3931198120117188,10.947595596313477
train,250,2.054349422454834,7.801760673522949
train,251,2.401001214981079,11.034218788146973
train,252,2.4011332988739014,11.035676002502441
train,253,2.4626615047454834,11.736005783081055
train,254,2.470262289047241,11.82554817199707
train,255,2.252268075942993,9.509279251098633
train,256,2.3325729370117188,10.304420471191406
train,257,2.3329527378082275,10.308334350585938
train,258,2.0346691608428955,7.649720668792725
train,259,1.838792085647583,6.288937091827393
train,260,2.0787088871002197,7.994141101837158
train,261,2.1146156787872314,8.28640079498291
train,262,2.0213963985443115,7.548858642578125
train,263,1.8316264152526855,6.2440338134765625
train,264,1.8184407949447632,6.162242889404297
train,265,1.535690188407898,4.644529819488525
train,266,1.8894490003585815,6.615722179412842
train,267,1.9371271133422852,6.938787937164307
train,268,1.9875733852386475,7.2978034019470215
train,269,1.5788155794143677,4.849208831787109
train,270,1.8407098054885864,6.301009178161621
train,271,1.9919687509536743,7.329950332641602
train,272,1.9746003150939941,7.203740119934082
train,273,1.89676833152771,6.664322853088379
train,274,2.0474987030029297,7.748495578765869
train,275,2.290513038635254,9.8800048828125
train,276,1.7168660163879395,5.567054271697998
train,277,1.7328490018844604,5.656746864318848
train,278,2.1766154766082764,8.81641674041748
train,279,2.008244514465332,7.450226783752441
train,280,2.0568671226501465,7.821427822113037
train,281,1.79475736618042,6.018014430999756
train,282,1.849537968635559,6.356881618499756
train,283,1.3185900449752808,3.738147020339966
train,284,1.910144567489624,6.754065036773682
train,285,1.4706577062606812,4.3520965576171875
train,286,1.5795422792434692,4.852734088897705
train,287,1.9829670190811157,7.264264106750488
train,288,1.775075078010559,5.900723934173584
train,289,1.8580384254455566,6.411148548126221
train,290,2.056901693344116,7.821698188781738
train,291,1.7840850353240967,5.954129695892334
train,292,1.8280810117721558,6.221935272216797
train,293,1.753210186958313,5.773105621337891
train,294,2.2146220207214355,9.157946586608887
train,295,2.0834004878997803,8.031734466552734
train,296,1.6190389394760132,5.04823637008667
train,297,1.8652909994125366,6.457814693450928
train,298,1.9489997625350952,7.021660804748535
train,299,2.17486310005188,8.800980567932129
train,300,1.885457158088684,6.5893659591674805
train,301,1.4205695390701294,4.139477252960205
train,302,1.3848450183868408,3.9942069053649902
train,303,1.2978140115737915,3.6612844467163086
train,304,1.5776596069335938,4.843606472015381
train,305,1.8742954730987549,6.516226768493652
train,306,1.6346505880355835,5.127665996551514
train,307,1.6282929182052612,5.095169544219971
train,308,1.5948443412780762,4.9275617599487305
train,309,1.943139910697937,6.980635166168213
train,310,1.6977252960205078,5.461509704589844
train,311,1.9047740697860718,6.717889785766602
train,312,1.7270642518997192,5.624118804931641
train,313,1.8355790376663208,6.268763065338135
train,314,1.7395515441894531,5.694788932800293
train,315,1.8899904489517212,6.619305610656738
train,316,1.9570519924163818,7.078429222106934
train,317,1.305009365081787,3.6877236366271973
train,318,1.6582735776901245,5.25023889541626
train,319,2.0529136657714844,7.790567398071289
train,320,1.7329483032226562,5.657308578491211
train,321,1.4236185550689697,4.152117729187012
train,322,1.6248459815979004,5.077637195587158
train,323,1.8160264492034912,6.147382736206055
train,324,1.4745912551879883,4.36924934387207
train,325,1.7106505632400513,5.532559394836426
train,326,1.5234781503677368,4.588155746459961
train,327,1.9065629243850708,6.729918003082275
train,328,1.817827820777893,6.158466815948486
train,329,1.705464243888855,5.503940105438232
train,330,1.6087501049041748,4.9965620040893555
train,331,1.4636914730072021,4.3218841552734375
train,332,1.482672929763794,4.404703617095947
train,333,1.5965112447738647,4.935782432556152
train,334,1.8726527690887451,6.505531311035156
train,335,1.6609997749328613,5.264571666717529
train,336,1.808579683303833,6.1017746925354
train,337,1.3698734045028687,3.9348526000976562
train,338,1.4242421388626099,4.154707908630371
train,339,1.236615777015686,3.443938732147217
train,340,1.416225552558899,4.12153434753418
train,341,1.1821577548980713,3.261404037475586
train,342,1.121392011642456,3.0691235065460205
train,343,1.3364146947860718,3.805375576019287
train,344,1.1731566190719604,3.2321794033050537
train,345,1.4318722486495972,4.186530113220215
train,346,1.520063877105713,4.572517395019531
train,347,1.068952202796936,2.9123263359069824
train,348,1.544039011001587,4.683468818664551
train,349,1.1829544305801392,3.264003276824951
train,350,1.1122193336486816,3.041100025177002
train,351,1.3813074827194214,3.980102062225342
train,352,1.2559574842453003,3.5111987590789795
train,353,1.3054617643356323,3.689392328262329
train,354,1.4636675119400024,4.321780681610107
train,355,1.4208215475082397,4.1405205726623535
train,356,1.422178030014038,4.146141052246094
train,357,1.3602209091186523,3.8970541954040527
train,358,1.4026416540145874,4.065926551818848
train,359,1.6537240743637085,5.226407051086426
train,360,1.322182536125183,3.751600503921509
train,361,1.2317941188812256,3.427373170852661
train,362,0.8033985495567322,2.2331173419952393
train,363,1.0840542316436768,2.9566421508789062
train,364,1.0477418899536133,2.851205587387085
train,365,1.0076245069503784,2.739086627960205
train,366,1.1334738731384277,3.106429100036621
train,367,1.2098885774612427,3.3531110286712646
train,368,1.2016990184783936,3.3257627487182617
train,369,1.1181551218032837,3.0592050552368164
train,370,1.1642053127288818,3.203376054763794
train,371,1.3794445991516113,3.9726946353912354
train,372,1.3968009948730469,4.042248249053955
train,373,1.33669912815094,3.806457996368408
train,374,1.4092432260513306,4.0928568840026855
train,375,1.2970457077026367,3.6584725379943848
train,376,1.5302600860595703,4.619378089904785
train,377,1.2741186618804932,3.5755488872528076
train,378,1.2955750226974487,3.6530959606170654
train,379,1.4326339960098267,4.189720153808594
train,380,1.2160395383834839,3.3737993240356445
train,381,0.9218921661376953,2.514042854309082
train,382,1.056437611579895,2.8761069774627686
train,383,1.0575090646743774,2.87919020652771
train,384,0.977702796459198,2.6583423614501953
train,385,1.1622368097305298,3.1970765590667725
train,386,1.3065931797027588,3.6935689449310303
train,387,1.190186619758606,3.2876946926116943
train,388,1.0820603370666504,2.9507527351379395
train,389,1.335922122001648,3.803501605987549
train,390,1.2321929931640625,3.4287405014038086
train,391,1.2133256196975708,3.3646557331085205
train,392,1.2663322687149048,3.547816276550293
train,393,1.1594796180725098,3.1882736682891846
train,394,1.215505838394165,3.3719992637634277
train,395,1.0089832544326782,2.7428109645843506
train,396,1.3478893041610718,3.849292278289795
train,397,1.037591576576233,2.822411298751831
train,398,1.1722732782363892,3.229325532913208
train,399,1.1544673442840576,3.172333240509033
train,400,1.4155513048171997,4.118756294250488
train,401,1.1314246654510498,3.100069999694824
train,402,1.1203629970550537,3.065966844558716
train,403,1.2168573141098022,3.3765594959259033
train,404,1.1470121145248413,3.148770570755005
train,405,1.1438238620758057,3.138747453689575
train,406,1.1570042371749878,3.180391311645508
train,407,1.3717823028564453,3.942370891571045
train,408,0.9711460471153259,2.6409692764282227
train,409,1.0413661003112793,2.8330845832824707
train,410,0.9363969564437866,2.550774335861206
train,411,1.2827491760253906,3.606541156768799
train,412,1.1552156209945679,3.1747078895568848
train,413,1.0125938653945923,2.752732038497925
train,414,1.159918189048767,3.1896722316741943
train,415,1.2793642282485962,3.5943539142608643
train,416,1.3225224018096924,3.752875804901123
train,417,1.0475353002548218,2.850616455078125
train,418,1.1171547174453735,3.0561461448669434
train,419,0.7928920388221741,2.20977783203125
train,420,0.9886793494224548,2.687682628631592
train,421,0.8608036041259766,2.365060567855835
train,422,0.7044514417648315,2.0227367877960205
train,423,0.8084972500801086,2.244532585144043
train,424,0.7765286564826965,2.173912763595581
train,425,0.746520459651947,2.1096465587615967
train,426,0.742407500743866,2.100987672805786
train,427,0.5591719150543213,1.7492233514785767
train,428,0.9256659150123596,2.523548126220703
train,429,0.7393194437026978,2.0945096015930176
train,430,0.7153725028038025,2.0449483394622803
train,431,0.717427670955658,2.0491552352905273
train,432,0.6315986514091492,1.8806146383285522
train,433,1.0241764783859253,2.7848012447357178
train,434,0.8950353860855103,2.447422504425049
train,435,1.0231835842132568,2.7820374965667725
train,436,0.8237773180007935,2.27909255027771
train,437,0.6409904360771179,1.8983601331710815
train,438,0.8632586002349854,2.3708739280700684
train,439,0.9644604921340942,2.6233718395233154
train,440,1.025320291519165,2.7879881858825684
train,441,0.8636226654052734,2.371737241744995
train,442,0.6448972821235657,1.9057912826538086
train,443,0.6846961975097656,1.9831691980361938
train,444,0.5983437299728394,1.8191033601760864
train,445,0.6662830710411072,1.9469870328903198
train,446,0.6089427471160889,1.838486671447754
train,447,0.5511062145233154,1.7351714372634888
train,448,0.6707118153572083,1.9556288719177246
train,449,0.8997657299041748,2.459027051925659
train,450,0.8293619155883789,2.291855812072754
train,451,0.8517494201660156,2.3437435626983643
train,452,0.8310615420341492,2.2957544326782227
train,453,0.8185985088348389,2.267319917678833
train,454,0.8201352953910828,2.2708070278167725
train,455,0.9814299941062927,2.668269157409668
train,456,0.8769323229789734,2.403515100479126
train,457,1.0494520664215088,2.856085777282715
train,458,0.9775396585464478,2.6579089164733887
train,459,0.9295920133590698,2.533475399017334
train,460,1.0138705968856812,2.756248712539673
train,461,0.582826554775238,1.7910939455032349
train,462,0.4262368679046631,1.53148353099823
train,463,0.6094157695770264,1.8393564224243164
train,464,0.6878684163093567,1.9894702434539795
train,465,0.7274015545845032,2.0696957111358643
train,466,0.8376756310462952,2.3109891414642334
train,467,0.834624171257019,2.303947925567627
train,468,0.862259566783905,2.36850643157959
train,469,0.8106894493103027,2.2494583129882812
train,470,0.7170798778533936,2.048442840576172
train,471,0.9237578511238098,2.51873779296875
train,472,1.0047022104263306,2.7310938835144043
train,473,0.8338261246681213,2.302109956741333
train,474,0.8795049786567688,2.4097065925598145
train,475,0.8488337993621826,2.3369200229644775
train,476,1.006439447402954,2.73584246635437
train,477,0.7744632363319397,2.1694273948669434
train,478,0.8733821511268616,2.3949973583221436
train,479,0.9154809713363647,2.497976541519165
train,480,0.7963614463806152,2.2174577713012695
train,481,0.7840515375137329,2.190328598022461
train,482,0.7106841802597046,2.035383462905884
train,483,0.7498655319213867,2.116715431213379
train,484,0.7810626029968262,2.1837916374206543
train,485,0.8064596652984619,2.2399637699127197
train,486,0.7690429091453552,2.1577000617980957
train,487,0.5923693776130676,1.8082678318023682
train,488,0.9554713368415833,2.599895715713501
train,489,0.938316285610199,2.5556747913360596
train,490,0.8229207396507263,2.2771410942077637
train,491,0.7757354378700256,2.1721889972686768
train,492,0.8348008990287781,2.3043551445007324
train,493,0.8187109231948853,2.2675747871398926
train,494,0.6773051023483276,1.9685654640197754
train,495,0.8148331046104431,2.258798599243164
train,496,0.8781830668449402,2.4065232276916504
train,497,0.7354587316513062,2.0864388942718506
train,498,0.6138700842857361,1.8475677967071533
train,499,0.5838480591773987,1.7929245233535767
train,500,0.7067444920539856,2.0273804664611816
train,501,0.4811468720436096,1.6179288625717163
train,502,0.33156538009643555,1.3931472301483154
train,503,0.4065752327442169,1.5016660690307617
train,504,0.4610383212566376,1.5857195854187012
train,505,0.41399750113487244,1.5128533840179443
train,506,0.3954591751098633,1.4850659370422363
train,507,0.4594798684120178,1.5832502841949463
train,508,0.4682013988494873,1.5971189737319946
train,509,0.4867938756942749,1.6270911693572998
train,510,0.42537635564804077,1.5301661491394043
train,511,0.4228407144546509,1.5262911319732666
train,512,0.5113335847854614,1.6675134897232056
train,513,0.7547463178634644,2.1270718574523926
train,514,0.6000667810440063,1.8222404718399048
train,515,0.5541402697563171,1.7404440641403198
train,516,0.6795529723167419,1.9729955196380615
train,517,0.7701869606971741,2.160170078277588
train,518,0.5868294835090637,1.7982779741287231
train,519,0.7014409899711609,2.0166566371917725
train,520,0.6917678713798523,1.9972432851791382
train,521,0.37233930826187134,1.4511252641677856
train,522,0.3237494230270386,1.382300853729248
train,523,0.4016958177089691,1.4943567514419556
train,524,0.3465890884399414,1.4142354726791382
train,525,0.3764989674091339,1.4571740627288818
train,526,0.35287415981292725,1.4231520891189575
train,527,0.3320009708404541,1.393754243850708
train,528,0.33571934700012207,1.3989464044570923
train,529,0.5456354022026062,1.725704550743103
train,530,0.6596932411193848,1.9341988563537598
train,531,0.6643313765525818,1.9431908130645752
train,532,0.5240734815597534,1.6888933181762695
train,533,0.4976173937320709,1.644797682762146
train,534,0.5407066345214844,1.7172198295593262
train,535,0.6433287858963013,1.9028043746948242
train,536,0.6264685988426208,1.8709917068481445
train,537,0.6794576644897461,1.97280752658844
train,538,0.6172011494636536,1.8537324666976929
train,539,0.6603043675422668,1.935381293296814
train,540,0.5764845609664917,1.7797707319259644
train,541,0.31262901425361633,1.3670142889022827
train,542,0.2572926878929138,1.2934236526489258
train,543,0.3257150650024414,1.3850206136703491
train,544,0.3463044762611389,1.4138330221176147
train,545,0.6329481601715088,1.883154273033142
train,546,0.44474169611930847,1.5600872039794922
train,547,0.5804906487464905,1.7869149446487427
train,548,0.49655354022979736,1.6430487632751465
train,549,0.6244277954101562,1.8671772480010986
train,550,0.5043802261352539,1.655958890914917
train,551,0.621307373046875,1.86135995388031
train,552,0.6096705198287964,1.83982515335083
train,553,0.4883539080619812,1.629631519317627
train,554,0.5506681799888611,1.7344114780426025
train,555,0.5747409462928772,1.776670217514038
train,556,0.5451362133026123,1.7248432636260986
train,557,0.6316890716552734,1.8807846307754517
train,558,0.5939784049987793,1.811179757118225
train,559,0.5771129727363586,1.7808895111083984
train,560,0.5894529223442078,1.8030017614364624
train,561,0.5138623714447021,1.6717356443405151
train,562,0.5643742084503174,1.7583470344543457
train,563,0.6018747091293335,1.825537919998169
train,564,0.48590052127838135,1.6256382465362549
train,565,0.6015650629997253,1.8249727487564087
train,566,0.5425162315368652,1.7203301191329956
train,567,0.4481513500213623,1.565415620803833
train,568,0.49098795652389526,1.63392972946167
train,569,0.5327674746513367,1.7036405801773071
train,570,0.41917285323143005,1.5207031965255737
train,571,0.45598104596138,1.5777204036712646
train,572,0.48049843311309814,1.6168800592422485
train,573,0.5490010976791382,1.731522560119629
train,574,0.6310340166091919,1.8795530796051025
train,575,0.5019455552101135,1.6519321203231812
train,576,0.5231425166130066,1.6873217821121216
train,577,0.48437467217445374,1.623159646987915
train,578,0.3957737684249878,1.4855332374572754
train,579,0.39542603492736816,1.4850167036056519
train,580,0.5223275423049927,1.6859471797943115
train,581,0.23031818866729736,1.259000539779663
train,582,0.2452211230993271,1.2779039144515991
train,583,0.27182549238204956,1.3123579025268555
train,584,0.2760677635669708,1.3179371356964111
train,585,0.30926185846328735,1.3624191284179688
train,586,0.28848499059677124,1.3344043493270874
train,587,0.22676311433315277,1.2545326948165894
train,588,0.2740643620491028,1.315299391746521
train,589,0.27839380502700806,1.3210062980651855
train,590,0.26313382387161255,1.3010008335113525
train,591,0.25282910466194153,1.287663221359253
train,592,0.2798421382904053,1.3229209184646606
train,593,0.4651263356208801,1.5922152996063232
train,594,0.5267857313156128,1.6934802532196045
train,595,0.3881338834762573,1.4742271900177002
train,596,0.45243844389915466,1.5721410512924194
train,597,0.4177761375904083,1.518580675125122
train,598,0.37526363134384155,1.455375075340271
train,599,0.5888097882270813,1.8018425703048706
train,600,0.4452918767929077,1.560945749282837
train,601,0.21534112095832825,1.2402849197387695
train,602,0.20115454494953156,1.2228137254714966
train,603,0.22273600101470947,1.2494906187057495
train,604,0.2217140644788742,1.2482143640518188
train,605,0.21585382521152496,1.2409210205078125
train,606,0.24639371037483215,1.2794032096862793
train,607,0.21182724833488464,1.2359343767166138
train,608,0.2639743983745575,1.30209481716156
train,609,0.4629788398742676,1.5887997150421143
train,610,0.48158952593803406,1.618645191192627
train,611,0.37456873059272766,1.4543640613555908
train,612,0.4021476209163666,1.4950320720672607
train,613,0.4005764126777649,1.4926848411560059
train,614,0.38237667083740234,1.465764045715332
train,615,0.4246957004070282,1.5291250944137573
train,616,0.4356060326099396,1.5458996295928955
train,617,0.3447164297103882,1.4115896224975586
train,618,0.3766358494758606,1.4573734998703003
train,619,0.4900200664997101,1.6323490142822266
train,620,0.41352131962776184,1.5121331214904785
train,621,0.2025904655456543,1.224570870399475
train,622,0.21742598712444305,1.2428734302520752
train,623,0.20915402472019196,1.2326347827911377
train,624,0.24561500549316406,1.278407335281372
train,625,0.483308881521225,1.6214306354522705
train,626,0.36279603838920593,1.437342643737793
train,627,0.34602120518684387,1.4134325981140137
train,628,0.39196616411209106,1.47988760471344
train,629,0.3374727964401245,1.4014015197753906
train,630,0.38726887106895447,1.4729524850845337
train,631,0.39559927582740784,1.485274076461792
train,632,0.4063134789466858,1.5012731552124023
train,633,0.4034518897533417,1.4969831705093384
train,634,0.41624724864959717,1.5162607431411743
train,635,0.42163190245628357,1.5244473218917847
train,636,0.3834652900695801,1.4673606157302856
train,637,0.4833437502384186,1.6214871406555176
train,638,0.44203969836235046,1.555877447128296
train,639,0.425618976354599,1.530537486076355
train,640,0.4405668377876282,1.553587555885315
train,641,0.40905091166496277,1.5053883790969849
train,642,0.34276196360588074,1.408833384513855
train,643,0.3145909309387207,1.3696988821029663
train,644,0.27705395221710205,1.3192375898361206
train,645,0.30708521604537964,1.3594567775726318
train,646,0.4009190499782562,1.4931963682174683
train,647,0.3748660981655121,1.454796552658081
train,648,0.4617951810359955,1.5869202613830566
train,649,0.36759647727012634,1.4442591667175293
train,650,0.3098268508911133,1.3631891012191772
train,651,0.428521066904068,1.5349856615066528
train,652,0.420226126909256,1.5223057270050049
train,653,0.3234419822692871,1.381875991821289
train,654,0.40269288420677185,1.495847463607788
train,655,0.4275067150592804,1.533429503440857
train,656,0.37872231006622314,1.46041738986969
train,657,0.3648621439933777,1.4403154850006104
train,658,0.3441028296947479,1.4107236862182617
train,659,0.37480059266090393,1.45470130443573
train,660,0.43542373180389404,1.5456178188323975
train,661,0.2003820538520813,1.2218694686889648
train,662,0.1651257425546646,1.1795414686203003
train,663,0.11798680573701859,1.1252292394638062
train,664,0.14892201125621796,1.160582423210144
train,665,0.18756355345249176,1.2063069343566895
train,666,0.17527109384536743,1.191569209098816
train,667,0.15150520205497742,1.1635843515396118
train,668,0.2015090137720108,1.2232472896575928
train,669,0.16755090653896332,1.1824054718017578
train,670,0.1792680025100708,1.1963412761688232
train,671,0.1901891827583313,1.2094783782958984
train,672,0.14993101358413696,1.1617541313171387
train,673,0.2827025353908539,1.3267104625701904
train,674,0.2501780092716217,1.2842539548873901
train,675,0.38680529594421387,1.4722697734832764
train,676,0.3239990174770355,1.3826459646224976
train,677,0.2957880198955536,1.34418523311615
train,678,0.29146382212638855,1.3383852243423462
train,679,0.28738367557525635,1.3329355716705322
train,680,0.3717173933982849,1.4502230882644653
train,681,0.14925336837768555,1.1609671115875244
train,682,0.19245211780071259,1.2122184038162231
train,683,0.16680674254894257,1.1815259456634521
train,684,0.1421092450618744,1.1527025699615479
train,685,0.1817036122083664,1.1992586851119995
train,686,0.19455765187740326,1.2147735357284546
train,687,0.1422615647315979,1.1528781652450562
train,688,0.18740427494049072,1.2061147689819336
train,689,0.26661691069602966,1.3055402040481567
train,690,0.3281949758529663,1.3884596824645996
train,691,0.2504366338253021,1.2845861911773682
train,692,0.275595486164093,1.317314863204956
train,693,0.3259546160697937,1.3853524923324585
train,694,0.2727859616279602,1.3136190176010132
train,695,0.41793230175971985,1.5188179016113281
train,696,0.34820470213890076,1.4165221452713013
train,697,0.3043385148048401,1.3557279109954834
train,698,0.29374662041664124,1.3414440155029297
train,699,0.3138185739517212,1.3686413764953613
train,700,0.32258346676826477,1.380690097808838
train,701,0.12370394170284271,1.1316807270050049
train,702,0.15658535063266754,1.1695106029510498
train,703,0.13371287286281586,1.1430646181106567
train,704,0.25856155157089233,1.2950658798217773
train,705,0.28834637999534607,1.3342193365097046
train,706,0.27992770075798035,1.3230341672897339
train,707,0.266280859708786,1.3051015138626099
train,708,0.2909153401851654,1.3376513719558716
train,709,0.33861565589904785,1.4030040502548218
train,710,0.3048134744167328,1.3563719987869263
train,711,0.2839610278606415,1.3283811807632446
train,712,0.32469576597213745,1.383609652519226
train,713,0.2635071277618408,1.301486611366272
train,714,0.30621930956840515,1.3582801818847656
train,715,0.3410717844963074,1.4064542055130005
train,716,0.3510128855705261,1.4205056428909302
train,717,0.28721487522125244,1.3327105045318604
train,718,0.29125335812568665,1.3381035327911377
train,719,0.32647889852523804,1.386078953742981
train,720,0.3038387596607208,1.3550505638122559
train,721,0.2588135004043579,1.2953921556472778
train,722,0.3091026246547699,1.3622021675109863
train,723,0.2828570306301117,1.3269153833389282
train,724,0.27369871735572815,1.3148186206817627
train,725,0.24701161682605743,1.2801940441131592
train,726,0.3592469394207001,1.4322503805160522
train,727,0.2525589168071747,1.2873153686523438
train,728,0.4272111654281616,1.5329763889312744
train,729,0.32270973920822144,1.3808645009994507
train,730,0.3094777464866638,1.3627132177352905
train,731,0.29033106565475464,1.3368699550628662
train,732,0.2924157381057739,1.3396598100662231
train,733,0.2897777855396271,1.3361304998397827
train,734,0.3162930905818939,1.3720322847366333
train,735,0.2947358787059784,1.3427716493606567
train,736,0.20983918011188507,1.233479619026184
train,737,0.25941377878189087,1.2961699962615967
train,738,0.26616162061691284,1.304945945739746
train,739,0.2686302959918976,1.3081713914871216
train,740,0.27139049768447876,1.3117872476577759
train,741,0.13369828462600708,1.1430479288101196
train,742,0.1207008957862854,1.128287434577942
train,743,0.1639905869960785,1.1782032251358032
train,744,0.14314164221286774,1.153893232345581
train,745,0.12605810165405273,1.1343480348587036
train,746,0.13677671551704407,1.1465721130371094
train,747,0.12799473106861115,1.1365469694137573
train,748,0.15349292755126953,1.1658995151519775
train,749,0.16122032701969147,1.1749438047409058
train,750,0.13605278730392456,1.145742416381836
train,751,0.16084249317646027,1.1744999885559082
train,752,0.13384072482585907,1.143210768699646
train,753,0.28084656596183777,1.324250340461731
train,754,0.4022078812122345,1.4951220750808716
train,755,0.22134928405284882,1.247759222984314
train,756,0.28107938170433044,1.3245587348937988
train,757,0.27892497181892395,1.3217082023620605
train,758,0.3186013400554657,1.375203013420105
train,759,0.23681960999965668,1.2672125101089478
train,760,0.3111721873283386,1.365024209022522
train,761,0.15794426202774048,1.1711009740829468
train,762,0.12358681112527847,1.131548285484314
train,763,0.27670058608055115,1.318771481513977
train,764,0.13746219873428345,1.1473582983016968
train,765,0.10744810104370117,1.1134331226348877
train,766,0.13176266849040985,1.140837550163269
train,767,0.10306800156831741,1.1085667610168457
train,768,0.13140718638896942,1.1404320001602173
train,769,0.2615465521812439,1.298937439918518
train,770,0.23010475933551788,1.2587318420410156
train,771,0.21144214272499084,1.235458493232727
train,772,0.223044753074646,1.2498764991760254
train,773,0.2749120593070984,1.3164149522781372
train,774,0.28044286370277405,1.3237159252166748
train,775,0.28614893555641174,1.3312907218933105
train,776,0.25099122524261475,1.2852988243103027
train,777,0.2706523835659027,1.3108192682266235
train,778,0.24456296861171722,1.2770631313323975
train,779,0.25137069821357727,1.2857866287231445
train,780,0.3170296549797058,1.3730432987213135
train,781,0.16357989609241486,1.1777194738388062
train,782,0.10599103569984436,1.111811876296997
train,783,0.11932454258203506,1.1267355680465698
train,784,0.1539556086063385,1.1664390563964844
train,785,0.23572370409965515,1.265824556350708
train,786,0.2343267947435379,1.2640575170516968
train,787,0.2391631305217743,1.2701857089996338
train,788,0.2444256693124771,1.2768877744674683
train,789,0.21676699817180634,1.2420547008514404
train,790,0.26006171107292175,1.2970101833343506
train,791,0.21928365528583527,1.2451844215393066
train,792,0.20342426002025604,1.2255923748016357
train,793,0.21807900071144104,1.2436853647232056
train,794,0.24218086898326874,1.2740246057510376
train,795,0.38636499643325806,1.4716217517852783
train,796,0.26247286796569824,1.3001412153244019
train,797,0.2961675226688385,1.3446954488754272
train,798,0.26985013484954834,1.3097680807113647
train,799,0.2522791922092438,1.2869553565979004
train,800,0.2562643587589264,1.2920942306518555
train,801,0.22117732465267181,1.2475446462631226
train,802,0.27436670660972595,1.315697193145752
train,803,0.25334155559539795,1.2883232831954956
train,804,0.24315591156482697,1.275267481803894
train,805,0.22139491140842438,1.2478160858154297
train,806,0.24636976420879364,1.2793725728988647
train,807,0.2703481614589691,1.3104206323623657
train,808,0.2576272189617157,1.2938563823699951
train,809,0.23132002353668213,1.2602624893188477
train,810,0.24154694378376007,1.2732172012329102
train,811,0.2650530934333801,1.3035001754760742
train,812,0.24228370189666748,1.274155616760254
train,813,0.2682057321071625,1.307616114616394
train,814,0.2669753432273865,1.306008219718933
train,815,0.2831297218799591,1.3272773027420044
train,816,0.28268173336982727,1.3266828060150146
train,817,0.23455551266670227,1.264346718788147
train,818,0.30357426404953003,1.3546922206878662
train,819,0.21855226159095764,1.2442740201950073
train,820,0.22961170971393585,1.2581113576889038
train,821,0.12094571441411972,1.128563642501831
train,822,0.09896291047334671,1.1040253639221191
train,823,0.10142762213945389,1.1067497730255127
train,824,0.12142637372016907,1.1291062831878662
train,825,0.10047022253274918,1.1056907176971436
train,826,0.10504457354545593,1.1107600927352905
train,827,0.19952480494976044,1.2208224534988403
train,828,0.1046098917722702,1.1102774143218994
train,829,0.12275141477584839,1.130603313446045
train,830,0.14624924957752228,1.1574846506118774
train,831,0.10182749480009079,1.1071923971176147
train,832,0.1346319615840912,1.1441155672073364
train,833,0.2682095766067505,1.3076211214065552
train,834,0.30044081807136536,1.3504539728164673
train,835,0.2200673520565033,1.246160626411438
train,836,0.19387532770633698,1.213944911956787
train,837,0.2408076971769333,1.2722764015197754
train,838,0.2723570168018341,1.3130556344985962
train,839,0.24269318580627441,1.2746775150299072
train,840,0.22654062509536743,1.2542535066604614
train,841,0.09815333038568497,1.103131890296936
train,842,0.1524670571088791,1.1647040843963623
train,843,0.1049012765288353,1.1106009483337402
train,844,0.09831500798463821,1.103310227394104
train,845,0.1009490117430687,1.1062202453613281
train,846,0.17793090641498566,1.1947427988052368
train,847,0.13362587988376617,1.1429650783538818
train,848,0.09055956453084946,1.0947867631912231
train,849,0.1963292956352234,1.2169275283813477
train,850,0.22867858409881592,1.2569379806518555
train,851,0.23981866240501404,1.271018624305725
train,852,0.21436351537704468,1.2390730381011963
train,853,0.23349183797836304,1.2630025148391724
train,854,0.22299575805664062,1.2498152256011963
train,855,0.1946345716714859,1.2148669958114624
train,856,0.22295589745044708,1.2497655153274536
train,857,0.202959343791008,1.2250226736068726
train,858,0.18229439854621887,1.199967384338379
train,859,0.21091289818286896,1.2348047494888306
train,860,0.2835996448993683,1.3279011249542236
train,861,0.11670625954866409,1.1237893104553223
train,862,0.12179874628782272,1.1295267343521118
train,863,0.09417078644037247,1.0987473726272583
train,864,0.11045294255018234,1.1167837381362915
train,865,0.18592031300067902,1.2043262720108032
train,866,0.198063924908638,1.2190402746200562
train,867,0.24331842362880707,1.2754746675491333
train,868,0.21021901071071625,1.2339482307434082
train,869,0.21426242589950562,1.2389477491378784
train,870,0.22680401802062988,1.2545839548110962
train,871,0.27765703201293945,1.3200334310531616
train,872,0.179178848862648,1.1962347030639648
train,873,0.21161338686943054,1.2356700897216797
train,874,0.19937333464622498,1.220637559890747
train,875,0.2616974711418152,1.2991334199905396
train,876,0.2590728998184204,1.2957282066345215
train,877,0.2561325430870056,1.291923999786377
train,878,0.2269882708787918,1.2548151016235352
train,879,0.2190427929162979,1.2448846101760864
train,880,0.23424464464187622,1.263953685760498
train,881,0.19060418009757996,1.2099803686141968
train,882,0.22672393918037415,1.2544834613800049
train,883,0.2097688764333725,1.2333929538726807
train,884,0.19307254254817963,1.2129707336425781
train,885,0.18323920667171478,1.2011016607284546
train,886,0.22398363053798676,1.251050591468811
train,887,0.21946805715560913,1.2454140186309814
train,888,0.1956852227449417,1.21614408493042
train,889,0.19017146527767181,1.2094569206237793
train,890,0.1929374784231186,1.2128069400787354
train,891,0.1923772543668747,1.212127685546875
train,892,0.25180909037590027,1.2863504886627197
train,893,0.2460140734910965,1.2789175510406494
train,894,0.24629555642604828,1.2792776823043823
train,895,0.1854076385498047,1.2037090063095093
train,896,0.2057613879442215,1.2284600734710693
train,897,0.1933237761259079,1.2132755517959595
train,898,0.17377083003520966,1.1897828578948975
train,899,0.20554324984550476,1.2281920909881592
train,900,0.19005970656871796,1.2093218564987183
train,901,0.12188202142715454,1.1296207904815674
train,902,0.09364034235477448,1.098164677619934
train,903,0.10972518473863602,1.115971326828003
train,904,0.09282316267490387,1.0972676277160645
train,905,0.09697037935256958,1.1018277406692505
train,906,0.12678322196006775,1.1351709365844727
train,907,0.11981770396232605,1.1272913217544556
train,908,0.1539226621389389,1.166400671005249
train,909,0.09202396124601364,1.0963910818099976
train,910,0.12181932479143143,1.1295499801635742
train,911,0.12468452006578445,1.1327910423278809
train,912,0.10422603040933609,1.1098512411117554
train,913,0.16798335313796997,1.1829168796539307
train,914,0.23501291871070862,1.2649251222610474
train,915,0.16549575328826904,1.1799778938293457
train,916,0.22642716765403748,1.2541112899780273
train,917,0.21344217658042908,1.2379319667816162
train,918,0.18787556886672974,1.2066833972930908
train,919,0.18717224895954132,1.205834984779358
train,920,0.20966273546218872,1.233262062072754
train,921,0.1335768699645996,1.1429091691970825
train,922,0.14423802495002747,1.1551589965820312
train,923,0.09529942274093628,1.0999882221221924
train,924,0.09576990455389023,1.1005058288574219
train,925,0.09887534379959106,1.1039286851882935
train,926,0.13215556740760803,1.1412858963012695
train,927,0.07591785490512848,1.0788739919662476
train,928,0.09485974162817001,1.0995045900344849
train,929,0.2638995051383972,1.3019973039627075
train,930,0.25824737548828125,1.2946590185165405
train,931,0.15846587717533112,1.1717119216918945
train,932,0.20421649515628815,1.2265636920928955
train,933,0.19144119322299957,1.2109936475753784
train,934,0.19824284315109253,1.219258427619934
train,935,0.20356860756874084,1.225769281387329
train,936,0.2275436818599701,1.2555122375488281
train,937,0.21492454409599304,1.239768385887146
train,938,0.2279335856437683,1.2560019493103027
train,939,0.20202143490314484,1.2238742113113403
train,940,0.20755042135715485,1.2306597232818604
train,941,0.11448439955711365,1.1212950944900513
train,942,0.1344696283340454,1.1439299583435059
train,943,0.08819252252578735,1.092198371887207
train,944,0.11984442174434662,1.127321481704712
train,945,0.16372264921665192,1.1778875589370728
train,946,0.2008620947599411,1.2224562168121338
train,947,0.17295317351818085,1.1888104677200317
train,948,0.21523073315620422,1.2401480674743652
train,949,0.24075618386268616,1.2722108364105225
train,950,0.1800655573606491,1.197295904159546
train,951,0.18812322616577148,1.2069822549819946
train,952,0.2586897909641266,1.2952319383621216
train,953,0.15606968104839325,1.168907642364502
train,954,0.226754829287529,1.2545222043991089
train,955,0.20896154642105103,1.2323975563049316
train,956,0.2614489495754242,1.298810601234436
train,957,0.17017285525798798,1.1855098009109497
train,958,0.2316838502883911,1.2607210874557495
train,959,0.2167951911687851,1.2420896291732788
train,960,0.17527684569358826,1.1915760040283203
train,961,0.12459877878427505,1.132693886756897
train,962,0.19186997413635254,1.2115129232406616
train,963,0.21197137236595154,1.2361124753952026
train,964,0.24182604253292084,1.2735726833343506
train,965,0.17668263614177704,1.1932523250579834
train,966,0.2427263855934143,1.2747198343276978
train,967,0.1682523787021637,1.1832351684570312
train,968,0.21994395554065704,1.2460068464279175
train,969,0.16818729043006897,1.1831581592559814
train,970,0.2034870684146881,1.225669264793396
train,971,0.2495373636484146,1.2834315299987793
train,972,0.2249022275209427,1.2522002458572388
train,973,0.22932209074497223,1.2577470541000366
train,974,0.2019256353378296,1.223757028579712
train,975,0.21724411845207214,1.242647409439087
train,976,0.1850019097328186,1.2032207250595093
train,977,0.1795574128627777,1.1966875791549683
train,978,0.11852400004863739,1.1258338689804077
train,979,0.20007626712322235,1.2214958667755127
train,980,0.1825215071439743,1.2002400159835815
train,981,0.1115749403834343,1.118037462234497
train,982,0.10797200351953506,1.1140165328979492
train,983,0.08752276748418808,1.0914671421051025
train,984,0.09148530662059784,1.0958006381988525
train,985,0.0832483172416687,1.0868116617202759
train,986,0.11577841639518738,1.1227470636367798
train,987,0.1049686148762703,1.1106756925582886
train,988,0.23141486942768097,1.260382056236267
train,989,0.09811834245920181,1.1030932664871216
train,990,0.10403794795274734,1.109642505645752
train,991,0.11204643547534943,1.1185648441314697
train,992,0.1489911675453186,1.1606627702713013
train,993,0.13324415683746338,1.1425288915634155
train,994,0.19683600962162018,1.2175443172454834
train,995,0.1740344911813736,1.1900966167449951
train,996,0.21292425692081451,1.2372909784317017
train,997,0.14589828252792358,1.157078504562378
train,998,0.15785042941570282,1.170991063117981
train,999,0.20005379617214203,1.221468448638916
train,1000,0.2448987364768982,1.2774919271469116
train,1001,0.16619549691677094,1.180803894996643
train,1002,0.10634051263332367,1.1122004985809326
train,1003,0.08634676784276962,1.0901843309402466
train,1004,0.08352342247962952,1.0871106386184692
train,1005,0.0838143453001976,1.087427020072937
train,1006,0.1161612868309021,1.1231770515441895
train,1007,0.1190127283334732,1.1263842582702637
train,1008,0.124531090259552,1.1326172351837158
train,1009,0.17224226891994476,1.1879656314849854
train,1010,0.15503396093845367,1.1676976680755615
train,1011,0.17686660587787628,1.193471908569336
train,1012,0.20494794845581055,1.2274612188339233
train,1013,0.14417879283428192,1.155090570449829
train,1014,0.14605781435966492,1.1572630405426025
train,1015,0.2009202539920807,1.222527265548706
train,1016,0.167161762714386,1.1819454431533813
train,1017,0.15640747547149658,1.1693025827407837
train,1018,0.18472662568092346,1.2028895616531372
train,1019,0.17883530259132385,1.1958237886428833
train,1020,0.17178373038768768,1.1874209642410278
train,1021,0.12764260172843933,1.136146903038025
train,1022,0.07836944609880447,1.0815221071243286
train,1023,0.08821199089288712,1.092219591140747
train,1024,0.08378561586141586,1.0873957872390747
train,1025,0.14628607034683228,1.1575273275375366
train,1026,0.16461201012134552,1.1789356470108032
train,1027,0.13065867125988007,1.1395787000656128
train,1028,0.18316438794136047,1.2010117769241333
train,1029,0.21883617341518402,1.2446273565292358
train,1030,0.19157537817955017,1.2111561298370361
train,1031,0.20008939504623413,1.221511960029602
train,1032,0.1533016860485077,1.1656765937805176
train,1033,0.17089317739009857,1.1863640546798706
train,1034,0.15261965990066528,1.1648818254470825
train,1035,0.12333156913518906,1.1312594413757324
train,1036,0.20338253676891327,1.2255412340164185
train,1037,0.19812561571598053,1.2191154956817627
train,1038,0.1717945635318756,1.1874338388442993
train,1039,0.1824757605791092,1.2001850605010986
train,1040,0.15863439440727234,1.1719094514846802
train,1041,0.14988477528095245,1.1617003679275513
train,1042,0.18527530133724213,1.2035497426986694
train,1043,0.20441854000091553,1.2268115282058716
train,1044,0.15289895236492157,1.1652072668075562
train,1045,0.20043650269508362,1.2219359874725342
train,1046,0.12995898723602295,1.1387816667556763
train,1047,0.15283624827861786,1.1651341915130615
train,1048,0.1700054258108139,1.1853113174438477
train,1049,0.15638680756092072,1.1692783832550049
train,1050,0.20544661581516266,1.2280733585357666
train,1051,0.2553405463695526,1.2909011840820312
train,1052,0.20592910051345825,1.228666067123413
train,1053,0.16619785130023956,1.1808067560195923
train,1054,0.22753405570983887,1.2555001974105835
train,1055,0.1780513972043991,1.1948866844177246
train,1056,0.17584969103336334,1.1922588348388672
train,1057,0.17528386414051056,1.1915844678878784
train,1058,0.14787238836288452,1.159364938735962
train,1059,0.1503431499004364,1.1622329950332642
train,1060,0.2253076583147049,1.252708077430725
train,1061,0.06507070362567902,1.0672345161437988
train,1062,0.1003904715180397,1.105602502822876
train,1063,0.0902562290430069,1.0944546461105347
train,1064,0.0742785707116127,1.0771068334579468
train,1065,0.09694260358810425,1.101797103881836
train,1066,0.08346784114837646,1.087050199508667
train,1067,0.2045409232378006,1.226961612701416
train,1068,0.11074008792638779,1.1171045303344727
train,1069,0.08253918588161469,1.0860412120819092
train,1070,0.10264681279659271,1.1080999374389648
train,1071,0.11363320052623749,1.1203410625457764
train,1072,0.0862756073474884,1.090106725692749
train,1073,0.14378821849822998,1.1546396017074585
train,1074,0.13660986721515656,1.1463807821273804
train,1075,0.1571008414030075,1.1701135635375977
train,1076,0.17811304330825806,1.194960355758667
train,1077,0.2176123559474945,1.2431050539016724
train,1078,0.1970881074666977,1.2178512811660767
train,1079,0.12854953110218048,1.1371777057647705
train,1080,0.13715814054012299,1.1470094919204712
train,1081,0.0856977328658104,1.0894769430160522
train,1082,0.0934874415397644,1.0979968309402466
train,1083,0.07786358147859573,1.0809751749038696
train,1084,0.08347442001104355,1.08705735206604
train,1085,0.10550931841135025,1.1112765073776245
train,1086,0.10624039173126221,1.1120891571044922
train,1087,0.07747705280780792,1.0805574655532837
train,1088,0.10701227188110352,1.112947940826416
train,1089,0.15192030370235443,1.1640675067901611
train,1090,0.20768164098262787,1.2308212518692017
train,1091,0.1305576115846634,1.1394635438919067
train,1092,0.1830049306154251,1.2008203268051147
train,1093,0.14795157313346863,1.159456729888916
train,1094,0.1670503467321396,1.1818137168884277
train,1095,0.12512348592281342,1.1332883834838867
train,1096,0.18250739574432373,1.2002229690551758
train,1097,0.1407826840877533,1.1511744260787964
train,1098,0.14372193813323975,1.154563069343567
train,1099,0.17731773853302002,1.1940103769302368
train,1100,0.1913316547870636,1.2108609676361084
train,1101,0.07647246867418289,1.0794724225997925
train,1102,0.07824640721082687,1.08138906955719
train,1103,0.06421364843845367,1.0663201808929443
train,1104,0.0964110866189003,1.101211667060852
train,1105,0.19953514635562897,1.2208350896835327
train,1106,0.16866745054721832,1.18372642993927
train,1107,0.15128161013126373,1.163324236869812
train,1108,0.16059696674346924,1.1742116212844849
train,1109,0.19732865691184998,1.2181442975997925
train,1110,0.14116375148296356,1.1516132354736328
train,1111,0.1580919623374939,1.171273946762085
train,1112,0.18227863311767578,1.1999485492706299
train,1113,0.1674211621284485,1.182252049446106
train,1114,0.13041366636753082,1.1392996311187744
train,1115,0.13919389247894287,1.149346947669983
train,1116,0.15968871116638184,1.1731456518173218
train,1117,0.1309714913368225,1.1399352550506592
train,1118,0.19730691611766815,1.2181178331375122
train,1119,0.19616614282131195,1.2167290449142456
train,1120,0.14269055426120758,1.153372883796692
train,1121,0.16282957792282104,1.1768361330032349
train,1122,0.12552839517593384,1.1337473392486572
train,1123,0.18713651597499847,1.2057918310165405
train,1124,0.16213218867778778,1.1760157346725464
train,1125,0.15548229217529297,1.1682212352752686
train,1126,0.16426624357700348,1.178528070449829
train,1127,0.133852019906044,1.1432236433029175
train,1128,0.11238410323858261,1.1189426183700562
train,1129,0.23502473533153534,1.2649400234222412
train,1130,0.14806558191776276,1.1595889329910278
train,1131,0.15292465686798096,1.1652371883392334
train,1132,0.13977736234664917,1.1500177383422852
train,1133,0.1671513319015503,1.1819331645965576
train,1134,0.26005610823631287,1.297002911567688
train,1135,0.15695077180862427,1.1699379682540894
train,1136,0.18135137856006622,1.198836326599121
train,1137,0.11279798299074173,1.119405746459961
train,1138,0.20183947682380676,1.2236515283584595
train,1139,0.17245279252529144,1.188215732574463
train,1140,0.1579185426235199,1.1710708141326904
train,1141,0.07761263102293015,1.0807039737701416
train,1142,0.07568229734897614,1.0786198377609253
train,1143,0.0846119076013565,1.0882946252822876
train,1144,0.07308566570281982,1.0758227109909058
train,1145,0.11853940039873123,1.1258512735366821
train,1146,0.07586753368377686,1.0788196325302124
train,1147,0.07307791709899902,1.0758143663406372
train,1148,0.09878550469875336,1.1038295030593872
train,1149,0.09715381264686584,1.1020299196243286
train,1150,0.09256748855113983,1.0969871282577515
train,1151,0.15950624644756317,1.1729315519332886
train,1152,0.0926375687122345,1.0970640182495117
train,1153,0.13656440377235413,1.1463286876678467
train,1154,0.1404886245727539,1.1508359909057617
train,1155,0.15286710858345032,1.1651700735092163
train,1156,0.14592857658863068,1.1571135520935059
train,1157,0.12646672129631042,1.1348116397857666
train,1158,0.14188538491725922,1.15244460105896
train,1159,0.20291656255722046,1.2249702215194702
train,1160,0.11896021664142609,1.1263251304626465
train,1161,0.07924608141183853,1.0824706554412842
train,1162,0.13002777099609375,1.1388599872589111
train,1163,0.11959441751241684,1.1270396709442139
train,1164,0.08608625829219818,1.0899003744125366
train,1165,0.10197380185127258,1.1073544025421143
train,1166,0.07794947922229767,1.0810680389404297
train,1167,0.09048042446374893,1.0947000980377197
train,1168,0.1521085947751999,1.1642866134643555
train,1169,0.1550937443971634,1.1677674055099487
train,1170,0.15874333679676056,1.172037124633789
train,1171,0.16484400629997253,1.1792091131210327
train,1172,0.2006252557039261,1.222166657447815
train,1173,0.16049423813819885,1.1740909814834595
train,1174,0.14734357595443726,1.1587519645690918
train,1175,0.17555087804794312,1.1919026374816895
train,1176,0.14798668026924133,1.1594974994659424
train,1177,0.155718594789505,1.1684973239898682
train,1178,0.14171892404556274,1.1522526741027832
train,1179,0.27544158697128296,1.3171122074127197
train,1180,0.15701481699943542,1.1700129508972168
train,1181,0.08466558903455734,1.0883530378341675
train,1182,0.059228528290987015,1.0610177516937256
train,1183,0.0872657522559166,1.0911866426467896
train,1184,0.06779562681913376,1.0701465606689453
train,1185,0.15952342748641968,1.1729516983032227
train,1186,0.12509815394878387,1.133259654045105
train,1187,0.10629874467849731,1.1121541261672974
train,1188,0.14893917739391327,1.1606024503707886
train,1189,0.2081090658903122,1.2313474416732788
train,1190,0.14938214421272278,1.161116600036621
train,1191,0.1072840467095375,1.1132503747940063
train,1192,0.144405335187912,1.1553523540496826
train,1193,0.1363600194454193,1.1460944414138794
train,1194,0.16512857377529144,1.1795448064804077
train,1195,0.1667104810476303,1.1814122200012207
train,1196,0.1450388878583908,1.1560845375061035
train,1197,0.13776417076587677,1.147704839706421
train,1198,0.21320314705371857,1.2376360893249512
train,1199,0.13820897042751312,1.148215413093567
train,1200,0.21150588989257812,1.2355372905731201
val,20,5.694677401167243,
val,40,5.187702858123186,
val,60,4.715666273202416,
val,80,4.234812710399769,
val,100,3.811056471221829,
val,120,3.461724951450043,
val,140,3.1920056655950715,
val,160,2.934143339655527,
val,180,2.6904016150146903,
val,200,2.465071495139329,
val,220,2.218102583143938,
val,240,2.0306576971334778,
val,260,1.8637942300575423,
val,280,1.6592856141886783,
val,300,1.482216123363428,
val,320,1.3343914615424155,
val,340,1.2052672245767992,
val,360,1.0390079288458616,
val,380,0.9087094891651964,
val,400,0.8105470301879759,
val,420,0.7092385233170722,
val,440,0.6087807389134656,
val,460,0.5167007390213548,
val,480,0.4536917505429072,
val,500,0.4118786095939516,
val,520,0.3405972040807458,
val,540,0.28253705023940817,
val,560,0.2538351190447208,
val,580,0.23633527688964048,
val,600,0.20654238488010637,
val,620,0.18099769017223372,
val,640,0.1646232724535493,
val,660,0.14946762427429244,
val,680,0.14016512909646062,
val,700,0.1290112003267276,
val,720,0.1314920398281072,
val,740,0.12205173714612041,
val,760,0.11881150438845241,
val,780,0.10959996357612053,
val,800,0.10498140483865265,
val,820,0.10377658244053467,
val,840,0.10621983910060748,
val,860,0.09382654730316319,
val,880,0.09163100278981456,
val,900,0.0903235188878741,
val,920,0.09293699640118239,
val,940,0.0918133566540058,
val,960,0.08709691570392113,
val,980,0.09086698644677974,
val,1000,0.08635124495436002,
val,1020,0.08142681148102002,
val,1040,0.07878767975436983,
val,1060,0.08418518425224274,
val,1080,0.0812234898293297,
val,1100,0.08202322276677915,
val,1120,0.08210876859081907,
val,1140,0.07802360320985248,
val,1160,0.08388480380536688,
val,1180,0.0792346202007293,
val,1200,0.07498073820412336,
